{
    "us-east-1": "US East (N. Virginia)",
    "us-east-2": "US East (Ohio)",
    "us-west-1": "US West (N. California)",
    "us-west-2": "US West (Oregon)",
    "ca-central-1": "Canada (Central)",
    "ca-west-1": "Canada West (Calgary)",
    "eu-west-1": "Europe (Ireland)",
    "eu-west-2": "Europe (London)",
    "eu-west-3": "Europe (Paris)",
    "eu-central-1": "Europe (Frankfurt)",
    "eu-central-2": "Europe (Zurich)",
    "eu-north-1": "Europe (Stockholm)",
    "eu-south-1": "Europe (Milan)",
    "eu-south-2": "Europe (Spain)",
    "ap-east-1": "Asia Pacific (Hong Kong)",
    "ap-northeast-1": "Asia Pacific (Tokyo)",
    "ap-northeast-2": "Asia Pacific (Seoul)",
    "ap-northeast-3": "Asia Pacific (Osaka)",
    "ap-southeast-1": "Asia Pacific (Singapore)",
    "ap-southeast-2": "Asia Pacific (Sydney)",
    "ap-southeast-3": "Asia Pacific (Jakarta)",
    "ap-southeast-4": "Asia Pacific (Melbourne)",
    "ap-south-1": "Asia Pacific (Mumbai)",
    "ap-south-2": "Asia Pacific (Hyderabad)",
    "me-south-1": "Middle East (Bahrain)",
    "me-central-1": "Middle East (UAE)",
    "af-south-1": "Africa (Cape Town)",
    "sa-east-1": "South America (São Paulo)",
    "il-central-1": "Israel (Tel Aviv)",
    "global": "Global"
}